[
  {
    "GeoTag": "TEST01",
    "Name": "testmoderator1_bot",
    "Token": "5667741487:AAHeStGOG7XAnINKPIkOHUq0fkGXWWvZS4k",
    "ChannelID": -618442838,
    "LeadType": 0,
    "Greetings": {
      "HelloMessage": {
        "Text": null,
        "Entities": null,
        "ReplyMarkup": null
      },
      "ByeMessage": {
        "Text": null,
        "Entities": null,
        "ReplyMarkup": null
      }
    },
    "PushData": {
      "Messages": []
    },
    "DailyPushData": {
      "Messages": []
    }
  },
  {
    "GeoTag": "TEST02",
    "Name": "testmoderator2_bot",
    "Token": "5911667484:AAGdR8NIRG1ULAp9jrH5gHOGqCJtULONMPw",
    "ChannelID": null,
    "LeadType": 0,
    "Greetings": {
      "HelloMessage": {
        "Text": null,
        "Entities": null,
        "ReplyMarkup": null
      },
      "ByeMessage": {
        "Text": null,
        "Entities": null,
        "ReplyMarkup": null
      }
    },
    "PushData": {
      "Messages": []
    },
    "DailyPushData": {
      "Messages": []
    }
  }
]