[
  {
    "Owner": 0,
    "Name": "TEST",
    "Id": 1,
    "PhoneNumber": "+79918437350",
    "Bots": [
      {
        "GeoTag": "TEST01",
        "Token": "5966864927:AAG61yr2W129DJWwY_7e1JYVTZeYcJK7goE",
        "Name": "testoutput1_bot",
        "ChannelID": -1001692610611,
        "ChannelTitle": "OUT1",
        "VictimLink": "@booowos",
        "ChannelLink": "@asknvl1",
        "ReplacedWords": [],
        "AutoChanges": [
          {
            "OldText": "https://partner.xtime",
            "NewText": "https://signalaviator.online"
          },
          {
            "OldText": "promo.xtime",
            "NewText": "p2dep"
          }
        ]
      }
    ],
    "User": {
      "FilteredWords": [],
      "TimeInterval": 0.016666666666666666,
      "MessageBufferLength": 5,
      "MatchingPercentageTreshold": 99
    },
    "ReplacedWords": [],
    "DailyPushData": {
      "Messages": []
    },
    "PushData": {
      "Messages": []
    },
    "State": 0
  }
]