[
  {
    "Owner": 0,
    "Name": "Ch1",
    "Id": 1,
    "PhoneNumber": "+447424419889",
    "Bots": [
      {
        "Token": "5579105972:AAFTAMgod1FXRCn4CHU2Iqa1GracO3kAr08",
        "Name": "ch_pool_1_bot",
        "ChannelID": -1001682491982,
        "ChannelTitle": "ch_pool_1",
        "ChannelLink": "@asknvl"
      },
      {
        "Token": "5391652797:AAENgE75S7JDQre4AoF4ZG95Se1czVB4rEE",
        "Name": "ch_pool_2_bot",
        "ChannelID": -1001762519455,
        "ChannelTitle": "ch_pool_2",
        "ChannelLink": "@ceoxtime"
      },
      {
        "Token": "5493204330:AAE7RdtRABiQ61Bpu6rMgGpD_3Zl7wrutdM",
        "Name": null,
        "ChannelID": -1001503072570,
        "ChannelTitle": "ch_pool_3",
        "ChannelLink": "@asknvl"
      }
    ],
    "User": {
      "PhoneNumber": "+447424419889",
      "CorrespondingBotNames": [
        "ch_pool_1_bot",
        "ch_pool_2_bot"
      ],
      "VerifyCode": "",
      "IsRunning": true
    },
    "IsRunning": true,
    "State": 0
  }
]