[
  {
    "GeoTag": "TEST1",
    "Name": "testmoderator1_bot",
    "Token": "5667741487:AAHeStGOG7XAnINKPIkOHUq0fkGXWWvZS4k",
    "ChannelID": -1001692610611,
    "LeadType": 0,
    "Greetings": {
      "HelloMessage": {
        "Text": "hi xtime1",
        "Entities": null,
        "ReplyMarkup": null
      },
      "ByeMessage": {
        "Text": "bye xtime2",
        "Entities": null,
        "ReplyMarkup": null
      }
    },
    "PushData": {
      "Messages": [
        {
          "TimePeriod": 0.01,
          "Id": 6,
          "Message": {
            "message_id": 2482,
            "from": {
              "id": 1481806946,
              "is_bot": false,
              "first_name": "Alexey",
              "username": "asknvl",
              "language_code": "ru"
            },
            "date": 1673693577,
            "chat": {
              "id": 1481806946,
              "type": "private",
              "username": "asknvl",
              "first_name": "Alexey"
            },
            "text": "1"
          },
          "FilePath": null
        },
        {
          "TimePeriod": 0.02,
          "Id": 7,
          "Message": {
            "message_id": 2486,
            "from": {
              "id": 1481806946,
              "is_bot": false,
              "first_name": "Alexey",
              "username": "asknvl",
              "language_code": "ru"
            },
            "date": 1673693580,
            "chat": {
              "id": 1481806946,
              "type": "private",
              "username": "asknvl",
              "first_name": "Alexey"
            },
            "text": "2"
          },
          "FilePath": null
        },
        {
          "TimePeriod": 0.03,
          "Id": 8,
          "Message": {
            "message_id": 2490,
            "from": {
              "id": 1481806946,
              "is_bot": false,
              "first_name": "Alexey",
              "username": "asknvl",
              "language_code": "ru"
            },
            "date": 1673693585,
            "chat": {
              "id": 1481806946,
              "type": "private",
              "username": "asknvl",
              "first_name": "Alexey"
            },
            "text": "3"
          },
          "FilePath": null
        }
      ]
    },
    "DailyPushData": {
      "Messages": [
        {
          "Id": 3,
          "Message": {
            "message_id": 2465,
            "from": {
              "id": 1481806946,
              "is_bot": false,
              "first_name": "Alexey",
              "username": "asknvl",
              "language_code": "ru"
            },
            "date": 1673693486,
            "chat": {
              "id": 1481806946,
              "type": "private",
              "username": "asknvl",
              "first_name": "Alexey"
            },
            "text": "1"
          },
          "FilePath": null
        },
        {
          "Id": 4,
          "Message": {
            "message_id": 2467,
            "from": {
              "id": 1481806946,
              "is_bot": false,
              "first_name": "Alexey",
              "username": "asknvl",
              "language_code": "ru"
            },
            "date": 1673693487,
            "chat": {
              "id": 1481806946,
              "type": "private",
              "username": "asknvl",
              "first_name": "Alexey"
            },
            "text": "2"
          },
          "FilePath": null
        },
        {
          "Id": 5,
          "Message": {
            "message_id": 2469,
            "from": {
              "id": 1481806946,
              "is_bot": false,
              "first_name": "Alexey",
              "username": "asknvl",
              "language_code": "ru"
            },
            "date": 1673693488,
            "chat": {
              "id": 1481806946,
              "type": "private",
              "username": "asknvl",
              "first_name": "Alexey"
            },
            "text": "3"
          },
          "FilePath": null
        }
      ]
    }
  },
  {
    "GeoTag": "TEST2",
    "Name": "testmoderator2_bot",
    "Token": "5911667484:AAGdR8NIRG1ULAp9jrH5gHOGqCJtULONMPw",
    "ChannelID": -1001666542030,
    "LeadType": 0,
    "Greetings": {
      "HelloMessage": {
        "Text": "hi xtime1",
        "Entities": null,
        "ReplyMarkup": null
      },
      "ByeMessage": {
        "Text": "bye xtim1",
        "Entities": null,
        "ReplyMarkup": null
      }
    },
    "PushData": {
      "Messages": [
        {
          "TimePeriod": 0.01,
          "Id": 6,
          "Message": {
            "message_id": 2482,
            "from": {
              "id": 1481806946,
              "is_bot": false,
              "first_name": "Alexey",
              "username": "asknvl",
              "language_code": "ru"
            },
            "date": 1673693577,
            "chat": {
              "id": 1481806946,
              "type": "private",
              "username": "asknvl",
              "first_name": "Alexey"
            },
            "text": "1"
          },
          "FilePath": null
        },
        {
          "TimePeriod": 0.02,
          "Id": 7,
          "Message": {
            "message_id": 2486,
            "from": {
              "id": 1481806946,
              "is_bot": false,
              "first_name": "Alexey",
              "username": "asknvl",
              "language_code": "ru"
            },
            "date": 1673693580,
            "chat": {
              "id": 1481806946,
              "type": "private",
              "username": "asknvl",
              "first_name": "Alexey"
            },
            "text": "2"
          },
          "FilePath": null
        },
        {
          "TimePeriod": 0.03,
          "Id": 8,
          "Message": {
            "message_id": 2490,
            "from": {
              "id": 1481806946,
              "is_bot": false,
              "first_name": "Alexey",
              "username": "asknvl",
              "language_code": "ru"
            },
            "date": 1673693585,
            "chat": {
              "id": 1481806946,
              "type": "private",
              "username": "asknvl",
              "first_name": "Alexey"
            },
            "text": "3"
          },
          "FilePath": null
        }
      ]
    },
    "DailyPushData": {
      "Messages": [
        {
          "Id": 3,
          "Message": {
            "message_id": 2465,
            "from": {
              "id": 1481806946,
              "is_bot": false,
              "first_name": "Alexey",
              "username": "asknvl",
              "language_code": "ru"
            },
            "date": 1673693486,
            "chat": {
              "id": 1481806946,
              "type": "private",
              "username": "asknvl",
              "first_name": "Alexey"
            },
            "text": "1"
          },
          "FilePath": null
        },
        {
          "Id": 4,
          "Message": {
            "message_id": 2467,
            "from": {
              "id": 1481806946,
              "is_bot": false,
              "first_name": "Alexey",
              "username": "asknvl",
              "language_code": "ru"
            },
            "date": 1673693487,
            "chat": {
              "id": 1481806946,
              "type": "private",
              "username": "asknvl",
              "first_name": "Alexey"
            },
            "text": "2"
          },
          "FilePath": null
        },
        {
          "Id": 5,
          "Message": {
            "message_id": 2469,
            "from": {
              "id": 1481806946,
              "is_bot": false,
              "first_name": "Alexey",
              "username": "asknvl",
              "language_code": "ru"
            },
            "date": 1673693488,
            "chat": {
              "id": 1481806946,
              "type": "private",
              "username": "asknvl",
              "first_name": "Alexey"
            },
            "text": "3"
          },
          "FilePath": null
        }
      ]
    }
  }
]